<?xml version="1.0" encoding="UTF-8"?>
<project-private xmlns="http://www.netbeans.org/ns/project-private/1">
    <editor-bookmarks xmlns="http://www.netbeans.org/ns/editor-bookmarks/2" lastBookmarkId="0"/>
    <open-files xmlns="http://www.netbeans.org/ns/projectui-open-files/2">
        <group>
            <file>file:/Users/blunkers/Desktop/AdminAltex/web/modulos/zonaventa/alta_zonaventa.jsp</file>
            <file>file:/Users/blunkers/Desktop/AdminAltex/web/modulos/presentaciones/alta_presentaciones.jsp</file>
            <file>file:/Users/blunkers/Desktop/AdminAltex/web/js/reporteo.js</file>
            <file>file:/Users/blunkers/Desktop/AdminAltex/web/modulos/categorias/alta_categorias.jsp</file>
            <file>file:/Users/blunkers/Desktop/AdminAltex/web/modulos/presentaciones.jsp</file>
            <file>file:/Users/blunkers/Desktop/AdminAltex/web/modulos/zonaventa/catalogo.jsp</file>
            <file>file:/Users/blunkers/Desktop/AdminAltex/web/modulos/usuarios/catalogo_usuarios.jsp</file>
            <file>file:/Users/blunkers/Desktop/AdminAltex/web/modulos/categorias/catalogo_categorias.jsp</file>
            <file>file:/Users/blunkers/Desktop/AdminAltex/web/modulos/vendedores/catalogo_vendedores.jsp</file>
            <file>file:/Users/blunkers/Desktop/AdminAltex/web/modulos/vendedores/alta_vendedores.jsp</file>
            <file>file:/Users/blunkers/Desktop/AdminAltex/web/modulos/usuarios/alta_usuarios.jsp</file>
        </group>
    </open-files>
</project-private>
