<?xml version="1.0" encoding="UTF-8"?>
<project-private xmlns="http://www.netbeans.org/ns/project-private/1">
    <editor-bookmarks xmlns="http://www.netbeans.org/ns/editor-bookmarks/2" lastBookmarkId="0"/>
    <open-files xmlns="http://www.netbeans.org/ns/projectui-open-files/2">
        <group>
            <file>file:/Users/blunkers/Desktop/AdminAltex/web/generales/menu.jsp</file>
            <file>file:/Users/blunkers/Desktop/AdminAltex/web/modulos/categorias/catalogo_categorias.jsp</file>
            <file>file:/Users/blunkers/Desktop/AdminAltex/web/modulos/vendedores/alta_vendedores.jsp</file>
            <file>file:/Users/blunkers/Desktop/AdminAltex/web/js/funciones.js</file>
            <file>file:/Users/blunkers/Desktop/AdminAltex/web/modulos/vendedores.jsp</file>
        </group>
    </open-files>
</project-private>
