<?xml version="1.0" encoding="UTF-8"?>
<project-private xmlns="http://www.netbeans.org/ns/project-private/1">
    <editor-bookmarks xmlns="http://www.netbeans.org/ns/editor-bookmarks/2" lastBookmarkId="0"/>
    <open-files xmlns="http://www.netbeans.org/ns/projectui-open-files/2">
        <group>
            <file>file:/Users/blunkers/Desktop/AdminAltex/src/java/mi/servlet/usuariosAdd.java</file>
            <file>file:/Users/blunkers/Desktop/AdminAltex/web/modulos/presentaciones/alta_presentaciones.jsp</file>
            <file>file:/Users/blunkers/Desktop/AdminAltex/web/js/jquery-3.3.1.min.js</file>
            <file>file:/Users/blunkers/Desktop/AdminAltex/web/js/reporteo.js</file>
            <file>file:/Users/blunkers/Desktop/AdminAltex/web/modulos/generales/menu1.jsp</file>
            <file>file:/Users/blunkers/Desktop/AdminAltex/web/js/login.js</file>
            <file>file:/Users/blunkers/Desktop/AdminAltex/src/java/mi/servlet/categoriasAdd.java</file>
            <file>file:/Users/blunkers/Desktop/AdminAltex/src/java/mi/servlet/asignacategorias.java</file>
            <file>file:/Users/blunkers/Desktop/AdminAltex/src/java/mi/obj/categorias.java</file>
            <file>file:/Users/blunkers/Desktop/AdminAltex/src/java/mi/servlet/eligeCategorias.java</file>
            <file>file:/Users/blunkers/Desktop/AdminAltex/web/modulos/generales/header.jsp</file>
            <file>file:/Users/blunkers/Desktop/AdminAltex/web/js/funciones.js</file>
            <file>file:/Users/blunkers/Desktop/AdminAltex/src/java/mi/bean/ListaCategorias.java</file>
            <file>file:/Users/blunkers/Desktop/AdminAltex/src/java/mi/servlet/zonaventaAdd.java</file>
            <file>file:/Users/blunkers/Desktop/AdminAltex/web/modulos/categorias/alta_categorias.jsp</file>
            <file>file:/Users/blunkers/Desktop/AdminAltex/web/css/ghpages-materialize.css</file>
            <file>file:/Users/blunkers/Desktop/AdminAltex/web/modulos/presentaciones/asignacion.jsp</file>
            <file>file:/Users/blunkers/Desktop/AdminAltex/web/modulos/presentaciones/catalogo_presentaciones.jsp</file>
            <file>file:/Users/blunkers/Desktop/AdminAltex/web/modulos/categorias/catalogo_categorias.jsp</file>
            <file>file:/Users/blunkers/Desktop/AdminAltex/src/java/mi/servlet/presentacionesAdd.java</file>
            <file>file:/Users/blunkers/Desktop/AdminAltex/web/modulos/vendedores/catalogo_vendedores.jsp</file>
            <file>file:/Users/blunkers/Desktop/AdminAltex/web/modulos/vendedores/alta_vendedores.jsp</file>
            <file>file:/Users/blunkers/Desktop/AdminAltex/web/modulos/generales/menu.jsp</file>
        </group>
    </open-files>
</project-private>
